0, BLACK, "Black"
1, BLUE, "Blue"
2, GREEN, "Green"
3, DARK_TURQUOISE, "Dark Turquoise"
4, RED, "Red"
5, DARK_PINK, "Dark Pink"
6, BROWN, "Brown"
7, LIGHT_GREY, "Light Grey"
8, DARK_GREY, "Dark Grey"
9, LIGHT_BLUE, "Light Blue"
10, BRIGHT_GREEN, "Bright Green"
11, LIGHT_TURQUOISE, "Light Turquoise"
12, SALMON, "Salmon"
13, PINK, "Pink"
14, YELLOW, "Yellow"
15, WHITE, "White"
17, LIGHT_GREEN, "Light Green"
18, LIGHT_YELLOW, "Light Yellow"
19, TAN, "Tan"
20, LIGHT_VIOLET, "Light Violet"
22, PURPLE, "Purple"
23, DARK_BLUE_VIOLET, "Dark Blue Violet"
25, ORANGE, "Orange"
26, MAGENTA, "Magenta"
27, LIME, "Lime"
28, DARK_TAN, "Dark Tan"
29, BRIGHT_PINK, "Bright Pink"
30, MEDIUM_LAVENDER, "Medium Lavender"
31, LAVENDER, "Lavender"
68, VERY_LIGHT_ORANGE, "Very Light Orange"
69, BRIGHT_REDDISH_LILAC, "Bright Reddish Lilac"
70, REDDISH_BROWN, "Reddish Brown"
71, LIGHT_BLUISH_GREY, "Light Bluish Grey"
72, DARK_BLUISH_GREY, "Dark Bluish Grey"
73, MEDIUM_BLUE, "Medium Blue"
74, MEDIUM_GREEN, "Medium Green"
77, LIGHT_PINK, "Light Pink"
78, LIGHT_NOUGAT, "Light Nougat"
84, MEDIUM_NOUGAT, "Medium Nougat"
85, MEDIUM_LILAC, "Medium Lilac"
86, MEDIUM_BROWN, "Medium Brown"
89, BLUE_VIOLET, "Blue Violet"
92, NOUGAT, "Nougat"
100, LIGHT_SALMON, "Light Salmon"
110, VIOLET, "Violet"
112, MEDIUM_VIOLET, "Medium Violet"
115, MEDIUM_LIME, "Medium Lime"
118, AQUA, "Aqua"
120, LIGHT_LIME, "Light Lime"
125, LIGHT_ORANGE, "Light Orange"
128, DARK_NOUGAT, "Dark Nougat"
151, VERY_LIGHT_BLUISH_GREY, "Very Light Bluish Grey"
191, BRIGHT_LIGHT_ORANGE, "Bright Light Orange"
212, BRIGHT_LIGHT_BLUE, "Bright Light Blue"
216, RUST, "Rust"
218, REDDISH_LILAC, "Reddish Lilac"
219, LILAC, "Lilac"
226, BRIGHT_LIGHT_YELLOW, "Bright Light Yellow"
232, SKY_BLUE, "Sky Blue"
272, DARK_BLUE, "Dark Blue"
288, DARK_GREEN, "Dark Green"
295, FLAMINGO_PINK, "Flamingo Pink"
308, DARK_BROWN, "Dark Brown"
313, MAERSK_BLUE, "Maersk Blue"
320, DARK_RED, "Dark Red"
321, DARK_AZURE, "Dark Azure"
322, MEDIUM_AZURE, "Medium Azure"
323, LIGHT_AQUA, "Light Aqua"
326, YELLOWISH_GREEN, "Yellowish Green"
330, OLIVE_GREEN, "Olive Green"
335, SAND_RED, "Sand Red"
351, MEDIUM_DARK_PINK, "Medium Dark Pink"
353, CORAL, "Coral"
366, EARTH_ORANGE, "Earth Orange"
368, VIBRANT_YELLOW, "Vibrant Yellow"
370, MEDIUM_BROWN2, "Medium Brown"
373, SAND_PURPLE, "Sand Purple"
378, SAND_GREEN, "Sand Green"
379, SAND_BLUE, "Sand Blue"
450, FABULAND_BROWN, "Fabuland Brown"
462, MEDIUM_ORANGE, "Medium Orange"
484, DARK_ORANGE, "Dark Orange"
503, VERY_LIGHT_GREY, "Very Light Grey"
507, LIGHT_ORANGE_BROWN, "Light Orange Brown"
508, FABULAND_RED, "Fabuland Red"
509, FABULAND_ORANGE, "Fabuland Orange"
510, FABULAND_PASTEL_GREEN, "Fabuland Pastel Green"
33, TRANS_DARK_BLUE, "Trans Dark Blue"
34, TRANS_GREEN, "Trans Green"
35, TRANS_BRIGHT_GREEN, "Trans Bright Green"
36, TRANS_RED, "Trans Red"
37, TRANS_DARK_PINK, "Trans Dark Pink"
38, TRANS_NEON_ORANGE, "Trans Neon Orange"
39, TRANS_VERY_LIGHT_BLUE, "Trans Very Light Blue"
40, TRANS_BLACK, "Trans Black"
41, TRANS_MEDIUM_BLUE, "Trans Medium Blue"
42, TRANS_NEON_GREEN, "Trans Neon Green"
43, TRANS_LIGHT_BLUE, "Trans Light Blue"
44, TRANS_BRIGHT_REDDISH_LILAC, "Trans Bright Reddish Lilac"
45, TRANS_PINK, "Trans Pink"
46, TRANS_YELLOW, "Trans Yellow"
47, TRANS_CLEAR, "Trans Clear"
52, TRANS_PURPLE, "Trans Purple"
54, TRANS_NEON_YELLOW, "Trans Neon Yellow"
57, TRANS_ORANGE, "Trans Orange"
227, TRANS_BRIGHT_LIGHT_GREEN, "Trans Bright Light Green"
231, TRANS_BRIGHT_LIGHT_ORANGE, "Trans Bright Light Orange"
234, TRANS_FIRE_YELLOW, "Trans Fire Yellow"
284, TRANS_REDDISH_LILAC, "Trans Reddish Lilac"
285, TRANS_LIGHT_GREEN, "Trans Light Green"
293, TRANS_LIGHT_BLUE_VIOLET, "Trans Light Blue Violet"
60, CHROME_ANTIQUE_BRASS, "Chrome Antique Brass"
61, CHROME_BLUE, "Chrome Blue"
62, CHROME_GREEN, "Chrome Green"
63, CHROME_PINK, "Chrome Pink"
64, CHROME_BLACK, "Chrome Black"
334, CHROME_GOLD, "Chrome Gold"
383, CHROME_SILVER, "Chrome Silver"
83, METALLIC_BLACK, "Metallic Black"
134, COPPER, "Copper"
135, PEARL_LIGHT_GREY, "Pearl Light Grey"
137, METALLIC_BLUE, "Metallic Blue"
142, PEARL_LIGHT_GOLD, "Pearl Light Gold"
148, PEARL_DARK_GREY, "Pearl Dark Grey"
150, PEARL_VERY_LIGHT_GREY, "Pearl Very Light Grey"
178, FLAT_DARK_GOLD, "Flat Dark Gold"
179, FLAT_SILVER, "Flat Silver"
183, PEARL_WHITE, "Pearl White"
184, METALLIC_BRIGHT_RED, "Metallic Bright Red"
185, METALLIC_BRIGHT_BLUE, "Metallic Bright Blue"
186, METALLIC_DARK_GREEN, "Metallic Dark Green"
189, REDDISH_GOLD, "Reddish Gold"
200, LEMON_METALLIC, "Lemon Metallic"
297, PEARL_GOLD, "Pearl Gold"
80, METALLIC_SILVER, "Metallic Silver"
81, METALLIC_GREEN, "Metallic Green"
82, METALLIC_GOLD, "Metallic Gold"
87, METALLIC_DARK_GREY, "Metallic Dark Grey"
300, METALLIC_COPPER, "Metallic Copper"
10045, METALLIC_LIGHT_BLUE, "Metallic Light Blue"
10046, METALLIC_PINK, "Metallic Pink"
10049, METALLIC_LIGHT_PINK, "Metallic Light Pink"
79, MILKY_WHITE, "Milky White"
21, GLOW_IN_DARK_OPAQUE, "Glow In Dark Opaque"
294, GLOW_IN_DARK_TRANS, "Glow In Dark Trans"
329, GLOW_IN_DARK_WHITE, "Glow In Dark White"
114, GLITTER_TRANS_DARK_PINK, "Glitter Trans Dark Pink"
117, GLITTER_TRANS_CLEAR, "Glitter Trans Clear"
129, GLITTER_TRANS_PURPLE, "Glitter Trans Purple"
302, GLITTER_TRANS_LIGHT_BLUE, "Glitter Trans Light Blue"
339, GLITTER_TRANS_NEON_GREEN, "Glitter Trans Neon Green"
341, GLITTER_TRANS_ORANGE, "Glitter Trans Orange"
360, OPAL_TRANS_CLEAR, "Opal Trans Clear"
362, OPAL_TRANS_LIGHT_BLUE, "Opal Trans Light Blue"
363, OPAL_TRANS_BLACK, "Opal Trans Black"
364, OPAL_TRANS_DARK_PINK, "Opal Trans Dark Pink"
365, OPAL_TRANS_PURPLE, "Opal Trans Purple"
367, OPAL_TRANS_GREEN, "Opal Trans Green"
10351, GLITTER_TRANS_BRIGHT_GREEN, "Glitter Trans Bright Green"
10366, OPAL_TRANS_DARK_BLUE, "Opal Trans Dark Blue"
75, SPECKLE_BLACK_COPPER, "Speckle Black Copper"
76, SPECKLE_DARK_BLUISH_GREY_SILVER, "Speckle Dark Bluish Grey Silver"
132, SPECKLE_BLACK_SILVER, "Speckle Black Silver"
133, SPECKLE_BLACK_GOLD, "Speckle Black Gold"
65, RUBBER_YELLOW, "Rubber Yellow"
256, RUBBER_BLACK, "Rubber Black"
273, RUBBER_BLUE, "Rubber Blue"
324, RUBBER_RED, "Rubber Red"
350, RUBBER_ORANGE, "Rubber Orange"
375, RUBBER_LIGHT_GREY, "Rubber Light Grey"
406, RUBBER_DARK_BLUE, "Rubber Dark Blue"
449, RUBBER_PURPLE, "Rubber Purple"
490, RUBBER_LIME, "Rubber Lime"
496, RUBBER_LIGHT_BLUISH_GREY, "Rubber Light Bluish Grey"
504, RUBBER_FLAT_SILVER, "Rubber Flat Silver"
511, RUBBER_WHITE, "Rubber White"
10002, RUBBER_GREEN, "Rubber Green"
10010, RUBBER_BRIGHT_GREEN, "Rubber Bright Green"
10026, RUBBER_MAGENTA, "Rubber Magenta"
10030, RUBBER_MEDIUM_LAVENDER, "Rubber Medium Lavender"
10031, RUBBER_LAVENDER, "Rubber Lavender"
10070, RUBBER_REDDISH_BROWN, "Rubber Reddish Brown"
10073, RUBBER_MEDIUM_BLUE, "Rubber Medium Blue"
10078, RUBBER_LIGHT_NOUGAT, "Rubber Light Nougat"
10226, RUBBER_BRIGHT_LIGHT_YELLOW, "Rubber Bright Light Yellow"
10308, RUBBER_DARK_BROWN, "Rubber Dark Brown"
10320, RUBBER_DARK_RED, "Rubber Dark Red"
10321, RUBBER_DARK_AZURE, "Rubber Dark Azure"
10322, RUBBER_MEDIUM_AZURE, "Rubber Medium Azure"
10323, RUBBER_LIGHT_AQUA, "Rubber Light Aqua"
10378, RUBBER_SAND_GREEN, "Rubber Sand Green"
10484, RUBBER_DARK_ORANGE, "Rubber Dark Orange"
66, RUBBER_TRANS_YELLOW, "Rubber Trans Yellow"
67, RUBBER_TRANS_CLEAR, "Rubber Trans Clear"
10035, RUBBER_TRANS_BRIGHT_GREEN, "Rubber Trans Bright Green"
10036, RUBBER_TRANS_RED, "Rubber Trans Red"
10043, RUBBER_TRANS_LIGHT_BLUE, "Rubber Trans Light Blue"
16, MAIN_COLOUR, "Main Colour"
24, EDGE_COLOUR, "Edge Colour"
32, TRANS_BLACK_IR_LENS, "Trans Black IR Lens"
493, MAGNET, "Magnet"
494, ELECTRIC_CONTACT_ALLOY, "Electric Contact Alloy"
495, ELECTRIC_CONTACT_COPPER, "Electric Contact Copper"
10047, TRANS_STICKER, "Trans Sticker"